<xml version="1.0">
<dashboard>
	<widget field="Lidar PWM Distance" type="Number" class="edu.wpi.first.smartdashboard.gui.elements.TextBox">
		<location x="1649" y="1001"/>
	</widget>
	<widget field="Lidar PWM Pulse Width" type="Number" class="edu.wpi.first.smartdashboard.gui.elements.TextBox">
		<location x="1749" y="940"/>
	</widget>
	<widget field="Ultrasonic Reading" type="Number" class="edu.wpi.first.smartdashboard.gui.elements.TextBox">
		<location x="0" y="262"/>
	</widget>
	<widget field="Yaw Deviation" type="Number" class="edu.wpi.first.smartdashboard.gui.elements.TextBox">
		<location x="0" y="226"/>
	</widget>
	<widget field="Selected Autonomous" type="String" class="edu.wpi.first.smartdashboard.gui.elements.TextBox">
		<location x="0" y="132"/>
	</widget>
	<widget field="Pixy Front Distance" type="Number" class="edu.wpi.first.smartdashboard.gui.elements.TextBox">
		<location x="82" y="843"/>
	</widget>
	<widget field="Pixy Front Obj Detected" type="Number" class="edu.wpi.first.smartdashboard.gui.elements.TextBox">
		<location x="34" y="616"/>
	</widget>
	<widget field="Gear Motor Down Speed" type="Number" class="edu.wpi.first.smartdashboard.gui.elements.TextBox">
		<location x="1699" y="661"/>
	</widget>
	<widget field="Gear Servo Up Value" type="Number" class="edu.wpi.first.smartdashboard.gui.elements.TextBox">
		<location x="1736" y="456"/>
	</widget>
	<widget field="Gear Automatic" type="Boolean" class="edu.wpi.first.smartdashboard.gui.elements.TextBox">
		<location x="1791" y="497"/>
	</widget>
	<widget field="Gear Servo Down Value" type="Number" class="edu.wpi.first.smartdashboard.gui.elements.TextBox">
		<location x="1706" y="418"/>
	</widget>
	<widget field="Gear Auto After Remove" type="Boolean" class="edu.wpi.first.smartdashboard.gui.elements.TextBox">
		<location x="1697" y="700"/>
	</widget>
	<widget field="Gear Move Wait Time" type="Number" class="edu.wpi.first.smartdashboard.gui.elements.TextBox">
		<location x="1725" y="370"/>
	</widget>
	<widget field="Gear Detector" type="Number" class="edu.wpi.first.smartdashboard.gui.elements.TextBox">
		<location x="1786" y="334"/>
	</widget>
	<widget field="Pixy Rear Obj Deg from ctr" type="Number" class="edu.wpi.first.smartdashboard.gui.elements.TextBox">
		<location x="-3" y="1087"/>
	</widget>
	<widget field="Pixy Front Obj Deg from ctr" type="Number" class="edu.wpi.first.smartdashboard.gui.elements.TextBox">
		<location x="1" y="804"/>
	</widget>
	<widget field="Angle Reading" type="Number" class="edu.wpi.first.smartdashboard.gui.elements.TextBox">
		<location x="2397" y="186"/>
	</widget>
	<widget field="Pixy Rear Area Ratio" type="Number" class="edu.wpi.first.smartdashboard.gui.elements.TextBox">
		<location x="62" y="931"/>
	</widget>
	<widget field="Pixy Rear Total Area" type="Number" class="edu.wpi.first.smartdashboard.gui.elements.TextBox">
		<location x="67" y="967"/>
		<width>412</width>
	</widget>
	<widget field="Pixy Rear Obj 2 Area" type="Number" class="edu.wpi.first.smartdashboard.gui.elements.TextBox">
		<location x="58" y="1049"/>
	</widget>
	<widget field="Pixy Rear Obj 1 Area" type="Number" class="edu.wpi.first.smartdashboard.gui.elements.TextBox">
		<location x="56" y="1008"/>
	</widget>
	<widget field="Pixy Rear Obj Detected" type="Number" class="edu.wpi.first.smartdashboard.gui.elements.TextBox">
		<location x="33" y="893"/>
	</widget>
	<widget field="Drive Output" type="Number" class="edu.wpi.first.smartdashboard.gui.elements.TextBox">
		<location x="957" y="193"/>
	</widget>
	<widget field="Rotate At Rate" type="Number" class="edu.wpi.first.smartdashboard.gui.elements.TextBox">
		<location x="1083" y="755"/>
	</widget>
	<widget field="Rotate Error" type="Number" class="edu.wpi.first.smartdashboard.gui.elements.TextBox">
		<location x="1106" y="877"/>
	</widget>
	<widget field="Selected Autonomous Shoot Mode" type="String" class="edu.wpi.first.smartdashboard.gui.elements.TextBox">
		<location x="15" y="190"/>
	</widget>
	<widget field="Selected Autonomous Drive Mode" type="String" class="edu.wpi.first.smartdashboard.gui.elements.TextBox">
		<location x="9" y="28"/>
	</widget>
	<widget field="Turn To Angle" type="Number" class="edu.wpi.first.smartdashboard.gui.elements.TextBox">
		<location x="1090" y="795"/>
	</widget>
	<widget field="Drive To Distance" type="Number" class="edu.wpi.first.smartdashboard.gui.elements.TextBox">
		<location x="1063" y="1020"/>
	</widget>
	<widget field="Rotate On Target" type="Boolean" class="edu.wpi.first.smartdashboard.gui.elements.TextBox">
		<location x="1054" y="836"/>
	</widget>
	<static-widget class="edu.wpi.first.smartdashboard.gui.elements.ConnectionIndicator">
		<location x="1036" y="57"/>
		<width>97</width>
		<height>90</height>
	</static-widget>
	<widget field="Autonomous Drive Mode" type="String Chooser" class="edu.wpi.first.smartdashboard.gui.elements.Chooser">
		<location x="591" y="18"/>
	</widget>
	<widget field="Autonomous Shoot Mode" type="String Chooser" class="edu.wpi.first.smartdashboard.gui.elements.Chooser">
		<location x="590" y="186"/>
	</widget>
	<widget field="Drive Error" type="Number" class="edu.wpi.first.smartdashboard.gui.elements.TextBox">
		<location x="1138" y="1100"/>
	</widget>
	<widget field="Drive On Target" type="Boolean" class="edu.wpi.first.smartdashboard.gui.elements.TextBox">
		<location x="1082" y="1056"/>
	</widget>
	<widget field="Strafe Error" type="Number" class="edu.wpi.first.smartdashboard.gui.elements.TextBox">
		<location x="1083" y="484"/>
	</widget>
	<widget field="Strafe On Target" type="Boolean" class="edu.wpi.first.smartdashboard.gui.elements.TextBox">
		<location x="1030" y="437"/>
	</widget>
	<widget field="Turn Error" type="Number" class="edu.wpi.first.smartdashboard.gui.elements.TextBox">
		<location x="1085" y="635"/>
	</widget>
	<widget field="Turn On Target" type="Boolean" class="edu.wpi.first.smartdashboard.gui.elements.TextBox">
		<location x="1034" y="591"/>
	</widget>
	<widget field="Lidar Front Distance" type="Number" class="edu.wpi.first.smartdashboard.gui.elements.TextBox">
		<location x="1431" y="148"/>
	</widget>
	<widget field="PID Rotate - D" type="Number" class="edu.wpi.first.smartdashboard.gui.elements.TextBox">
		<location x="657" y="916"/>
	</widget>
	<widget field="PID Rotate - I" type="Number" class="edu.wpi.first.smartdashboard.gui.elements.TextBox">
		<location x="663" y="880"/>
	</widget>
	<widget field="PID Rotate - P" type="Number" class="edu.wpi.first.smartdashboard.gui.elements.TextBox">
		<location x="654" y="838"/>
	</widget>
	<widget field="Rotate Command" type="Number" class="edu.wpi.first.smartdashboard.gui.elements.TextBox">
		<location x="625" y="799"/>
	</widget>
	<widget field="Autonomous State" type="String" class="edu.wpi.first.smartdashboard.gui.elements.TextBox">
		<location x="84" y="96"/>
	</widget>
	<widget field="PID Drive - D" type="Number" class="edu.wpi.first.smartdashboard.gui.elements.TextBox">
		<location x="674" y="1147"/>
	</widget>
	<widget field="PID Drive - I" type="Number" class="edu.wpi.first.smartdashboard.gui.elements.TextBox">
		<location x="681" y="1102"/>
	</widget>
	<widget field="PID Drive - P" type="Number" class="edu.wpi.first.smartdashboard.gui.elements.TextBox">
		<location x="676" y="1058"/>
	</widget>
	<widget field="PID Strafe - D" type="Number" class="edu.wpi.first.smartdashboard.gui.elements.TextBox">
		<location x="659" y="516"/>
	</widget>
	<widget field="PID Strafe - I" type="Number" class="edu.wpi.first.smartdashboard.gui.elements.TextBox">
		<location x="666" y="477"/>
	</widget>
	<widget field="PID Strafe - P" type="Number" class="edu.wpi.first.smartdashboard.gui.elements.TextBox">
		<location x="661" y="434"/>
	</widget>
	<widget field="PID Turn - D" type="Number" class="edu.wpi.first.smartdashboard.gui.elements.TextBox">
		<location x="674" y="719"/>
	</widget>
	<widget field="PID Turn - I" type="Number" class="edu.wpi.first.smartdashboard.gui.elements.TextBox">
		<location x="680" y="676"/>
	</widget>
	<widget field="PID Turn - P" type="Number" class="edu.wpi.first.smartdashboard.gui.elements.TextBox">
		<location x="675" y="629"/>
	</widget>
	<widget field="Autonomous Mode Chooser" type="String Chooser" class="edu.wpi.first.smartdashboard.gui.elements.Chooser">
		<location x="408" y="0"/>
	</widget>
	<widget field="Pixy Read Rate" type="Number" class="edu.wpi.first.smartdashboard.gui.elements.TextBox">
		<location x="56" y="570"/>
	</widget>
	<widget field="AngleDeviation" type="Number" class="edu.wpi.first.smartdashboard.gui.elements.TextBox">
		<location x="2391" y="146"/>
	</widget>
	<widget field="Turn Command" type="Number" class="edu.wpi.first.smartdashboard.gui.elements.TextBox">
		<location x="646" y="586"/>
	</widget>
	<widget field="ShooterSpeedR" type="Number" class="edu.wpi.first.smartdashboard.gui.elements.TextBox">
		<location x="8" y="388"/>
	</widget>
	<widget field="Lidar Rear Distance" type="Number" class="edu.wpi.first.smartdashboard.gui.elements.TextBox">
		<location x="1892" y="148"/>
	</widget>
	<widget field="ShooterSpeedL" type="Number" class="edu.wpi.first.smartdashboard.gui.elements.TextBox">
		<location x="10" y="347"/>
	</widget>
	<widget field="Gear Sensor State" type="String" class="edu.wpi.first.smartdashboard.gui.elements.TextBox">
		<location x="1761" y="539"/>
	</widget>
	<widget field="Drive Command" type="Number" class="edu.wpi.first.smartdashboard.gui.elements.TextBox">
		<location x="646" y="1019"/>
	</widget>
	<widget field="Pixy Rear I2C Address" type="Number" class="edu.wpi.first.smartdashboard.gui.elements.TextBox">
		<location x="17" y="475"/>
	</widget>
	<widget field="Pixy Front I2C Address" type="Number" class="edu.wpi.first.smartdashboard.gui.elements.TextBox">
		<location x="11" y="434"/>
	</widget>
	<widget field="Lidar Front Serial" type="Number" class="edu.wpi.first.smartdashboard.gui.elements.TextBox">
		<location x="1464" y="108"/>
	</widget>
	<widget field="Lidar Read Rate" type="Number" class="edu.wpi.first.smartdashboard.gui.elements.TextBox">
		<location x="1678" y="51"/>
	</widget>
	<widget field="Strafe Command" type="Number" class="edu.wpi.first.smartdashboard.gui.elements.TextBox">
		<location x="628" y="389"/>
	</widget>
	<widget field="Lidar Rear Serial" type="Number" class="edu.wpi.first.smartdashboard.gui.elements.TextBox">
		<location x="1922" y="110"/>
	</widget>
	<widget field="I2C Search" type="Number" class="edu.wpi.first.smartdashboard.gui.elements.TextBox">
		<location x="975" y="237"/>
	</widget>
	<widget field="Pixy Front Obj 1 Area" type="Number" class="edu.wpi.first.smartdashboard.gui.elements.TextBox">
		<location x="57" y="730"/>
	</widget>
	<widget field="IMU Rate" type="Number" class="edu.wpi.first.smartdashboard.gui.elements.TextBox">
		<location x="2392" y="41"/>
	</widget>
	<widget field="Pixy Front Obj 2 Area" type="Number" class="edu.wpi.first.smartdashboard.gui.elements.TextBox">
		<location x="58" y="766"/>
	</widget>
	<widget field="Pixy Front Total Area" type="Number" class="edu.wpi.first.smartdashboard.gui.elements.TextBox">
		<location x="63" y="694"/>
	</widget>
	<widget field="Pixy Front Area Ratio" type="Number" class="edu.wpi.first.smartdashboard.gui.elements.TextBox">
		<location x="59" y="654"/>
	</widget>
	<widget field="IMU Yaw Deviation" type="Number" class="edu.wpi.first.smartdashboard.gui.elements.TextBox">
		<location x="2341" y="104"/>
	</widget>
	<widget field="Gear Motor Speed" type="Number" class="edu.wpi.first.smartdashboard.gui.elements.TextBox">
		<location x="1764" y="581"/>
	</widget>
	<widget field="Gear Current Limit" type="Number" class="edu.wpi.first.smartdashboard.gui.elements.TextBox">
		<location x="1762" y="621"/>
	</widget>
</dashboard>
<live-window>
</live-window>
</xml>